code,group,name,width_mm,height_mm,mirrored,sheet
B1,frame,上身底板,161.2,121.2,1,1
B2,frame,脊板,101.4,81.1,0,2
B3,frame,右側翼,81.1,58.2,1,2
B4,frame,左側翼,81.1,58.2,1,2
C1,tub,底板,155.1,116.2,1,1
C2,tub,左側壁（左馬達座）,161.2,60.7,0,1
C3,tub,右側壁（右馬達座）,161.1,60.7,1,1
C4,tub,後壁,116.1,60.7,0,2
C5,tub,前壁,116.2,60.7,1,1
C6,tub,托盤凸緣,9.1,116.9,1,1
C7,tub,托盤小立板,14.1,23.7,1,1
C8,tub,馬達托柱,10.4,5.2,1,1
C9,tub,馬達托柱,10.4,5.2,1,1
C10,tub,馬達托柱,5.1,10.4,1,1
C11,tub,馬達托柱,10.4,5.2,1,1
C12,tub,CH224K 墊片,22.1,12.2,1,1
C13,tub,Mini560 墊片,17.1,22.2,1,1
C14,tub,AMS1117 墊片,22.1,11.2,1,1
H1,headFloor,頭部底板,48.1,84.2,0,2
H2,headFloor,裙邊,57.2,57.2,1,2
H3,headFloor,裙邊,57.2,57.2,1,2
H4,headFloor,裙邊（含限位指）,60.7,57.1,1,2
H5,headHood,頭右側板,54.2,48.1,0,1
H6,headHood,頭左側板,54.1,48.1,1,2
H7,headHood,頭前板（臉）,84.2,48.1,0,1
H8,headHood,頭後板,84.2,48.1,1,2
H9,headHood,ESP32 卡板,23.4,41.6,1,1
H10,headHood,ESP32 卡板,23.4,41.6,1,1
H11,headHood,眼圈,28.2,28.2,0,1
H12,headHood,眼瞼,28.9,11.3,0,1
H13,headHood,眼圈,28.2,28.2,0,1
H14,headHood,瞳孔,13.2,13.2,0,1
H15,headHood,眼瞼,11.3,28.9,0,1
H16,headBack,頭上蓋,84.1,54.1,1,1
H17,headBack,上蓋定位板,77.5,41.5,1,1
N1,topPlate,頂板,103.6,87.6,1,2
N2,topPlate,軸環,50.2,50.2,1,2
N3,topPlate,軸環,50.2,50.2,1,2
N4,topPlate,限位柱,9.1,5.2,1,1
N5,topPlate,限位柱,9.1,5.2,1,1
S1,shell,外殼右側板,100.1,78.1,0,2
S2,shell,外殼左側板,100.1,78.1,1,2
S3,shell,外殼前板,110.1,78.1,0,1
S4,shell,外殼後板,110.1,78.1,1,1
T1,tray,托盤,96.8,155.2,1,1
T2,tray,托盤右緣立板,11.1,147.9,1,1
